login,mail,name,last_name,password
cruelSeafowl4,cruelSeafowl4654@mail.it,Anna,Strickland,vFC0?p
annoyedPoultry1,annoyedPoultry1313@mail.ru,Lena,Baumberger,gxKwH<!B$#6F
excitedPudding7,excitedPudding7653@yandex.org,Charles,Frahm,9LJbNGnk8j%s
betrayedSeahorse2,betrayedSeahorse2639@mail.it,Pablo,Maryland,"l,OvomoOC1"
enragedRuffs3,enragedRuffs3714@google.es,Barbara,Studebaker,p4XLlS?FZ>
pluckyTeal4,pluckyTeal4826@yandex.es,Kevin,Mcneal,"IYiI*z-n6?h$3C,"
debonairChamois5,debonairChamois5192@yandex.org,Anthony,Mccauley,3P!NRVWy7
superiorIguana7,superiorIguana7304@mail.com,Gary,Crittendon,0Ipn#nn
murkyThrushe1,murkyThrushe1831@yandex.fr,Jordan,Casey,KlJTSnOKJ02Mkp2-
lovesickPear7,lovesickPear7592@mail.com,Janet,Smith,(Z=mb)&>5F
